atm_id,city,region,latitude,longitude,atm_type,atm_model,bank,installed_date,age_years,is_active,total_tx,failed_tx,failure_rate,avg_withdrawal_mwk,last_tx_date,lifetime_faults,last_fault_date
ATM_001,Kasungu,Central,-13.045845988115264,33.528371430640995,Mini,Diebold DN200,National Bank of Malawi,2023-01-25,3,t,112599,3375,0.029973623211573815,25151.667729792622,2023-12-31,40,2023-12-26
ATM_002,Mangochi,Southern,-14.46010060581886,35.2765658484197,Mini,Wincor ProCash,FDH Bank,2025-05-10,1,t,112146,3491,0.031129063898846145,25282.946420221690,2023-12-31,22,2023-12-20
ATM_003,Zomba,Southern,-15.417698135955757,35.28229945203362,Full-service,Wincor ProCash,Standard Bank,2022-02-09,4,t,111393,3261,0.02927473000996472,25227.781475464008,2023-12-31,18,2023-12-23
ATM_004,Lilongwe,Central,-14.01109163878318,33.823917614577496,Mini,Diebold DN200,National Bank of Malawi,2024-07-17,2,t,111641,3306,0.029612776668069975,25331.422907428320,2023-12-31,23,2023-12-29
ATM_005,Nkhotakota,Central,-12.90658849882568,34.3208072577796,Full-service,Diebold DN200,FDH Bank,2025-08-27,1,t,111901,3294,0.029436734256172867,25237.230669570251,2023-12-31,47,2023-12-25
ATM_006,Mzuzu,Northern,-11.51374155057042,34.0676909852162,Mini,NCR SelfServ 34,National Bank of Malawi,2024-08-25,2,t,111233,3358,0.030188882795573257,25231.022787272475,2023-12-31,18,2023-12-15
ATM_007,Salima,Central,-13.750055735919958,34.42123391106783,Mini,Wincor ProCash,National Bank of Malawi,2022-04-10,4,t,111963,3233,0.028875610692818163,25285.093420073325,2023-12-31,36,2023-12-24
ATM_008,Nkhotakota,Central,-12.948517503279293,34.26834045098534,Drive-through,Wincor ProCash,Standard Bank,2024-11-23,1,t,111754,3411,0.030522397408593877,25298.212388166200,2023-12-31,30,2023-12-29
ATM_009,Salima,Central,-13.802875775704049,34.452475643163226,Kiosk,Diebold DN200,Standard Bank,2023-11-05,2,t,111755,3245,0.029036732137264553,25225.975311191892,2023-12-31,17,2023-12-16
ATM_010,Liwonde,Southern,-15.07350549813579,35.212422914019804,Mini,Wincor ProCash,FDH Bank,2022-10-15,3,t,111653,3385,0.030317143292164117,25228.300399614166,2023-12-31,33,2023-12-11
ATM_011,Lilongwe,Central,-13.955714710527763,33.751249386065204,Full-service,NCR SelfServ 34,Standard Bank,2023-07-09,3,t,112235,3352,0.029865906357196954,25201.197832761920,2023-12-31,49,2023-12-25
ATM_012,Mangochi,Southern,-14.504085535146478,35.25333618432937,Kiosk,Hyosung MX5600,Standard Bank,2025-01-12,1,t,112061,3276,0.02923407786830387,25312.817125230659,2023-12-31,26,2023-09-09
ATM_013,Mangochi,Southern,-14.487693001578297,35.2952175961393,Kiosk,Hyosung MX5600,FDH Bank,2025-01-12,1,t,111634,3341,0.029928158088037695,25346.302946922378,2023-12-31,34,2023-12-29
ATM_014,Zomba,Southern,-15.413332621784164,35.31812344384136,Full-service,Diebold DN200,National Bank of Malawi,2021-11-27,4,t,111879,3406,0.030443604251021193,25249.051041522969,2023-12-31,24,2023-12-30
ATM_015,Dedza,Central,-14.357458543113797,34.287945041272,Kiosk,Diebold DN200,Standard Bank,2023-03-09,3,t,111806,3315,0.02964957157934279,25251.567636927553,2023-12-31,48,2023-12-05
ATM_016,Zomba,Southern,-15.372545514809856,35.28375241236873,Full-service,Hyosung MX5600,FDH Bank,2021-12-28,4,t,112081,3328,0.029692811448862877,25256.327000536134,2023-12-31,48,2023-12-29
ATM_017,Dedza,Central,-14.410194840701472,34.37818855372534,Drive-through,NCR SelfServ 34,Standard Bank,2024-04-03,2,t,111703,3331,0.029820148071224586,25201.734044020300,2023-12-31,36,2023-12-12
ATM_018,Mangochi,Southern,-14.436736796692545,35.29753973481164,Kiosk,Hyosung MX5600,Standard Bank,2024-04-24,2,t,111948,3435,0.030683888948440347,25201.618704243959,2023-12-31,42,2023-12-01
ATM_019,Lilongwe,Central,-13.986438623082664,33.74706721140064,Kiosk,NCR SelfServ 34,National Bank of Malawi,2024-06-09,2,t,112315,3486,0.031037706450607667,25263.604195497582,2023-12-31,53,2023-12-19
ATM_020,Dedza,Central,-14.348276697348783,34.32731524937396,Mini,Hyosung MX5600,NBS Bank,2023-05-11,3,t,111709,3391,0.030355656213912934,25312.484096990428,2023-12-31,22,2023-11-04
